"Criterion";"Value";"Standard Deviation";"Variance"
"accuracy";0.9722222222222222;;
"classification_error";0.02777777777777779;;
"AUC";1.0;;
"precision";1.0;;
"recall";0.9259259259259259;;
"f_measure";0.9615384615384616;;
"accuracy";0.8148148148148148;;
"classification_error";0.18518518518518523;;
"AUC";0.9197988111568358;;
"precision";0.9555555555555556;;
"recall";0.5308641975308642;;
"f_measure";0.6825396825396826;;
